id,name,phone
8743,Emma Johnson,2025892741
3921,Liam Smith,2023174852
6812,Olivia Williams,2026938257
5493,Noah Brown,2024219763
2374,Ava Jones,2025647382
9102,Elijah Garcia,2021983745
4831,Isabella Miller,2028741920
7620,James Davis,2024739185
1549,Sophia Rodriguez,2026591823
8351,Benjamin Martinez,2022384719
4217,Mia Hernandez,2029142837
2983,Lucas Lopez,2023671928
6074,Amelia Gonzalez,2024851923
1329,Alexander Wilson,2027381926
7845,Harper Anderson,2021928475
3652,Mason Thomas,2028391742
9184,Evelyn Taylor,2024819273
2741,Logan Moore,2029273641
5538,Abigail Jackson,2023749182
6971,Elena Martin,2026182947
4312,Daniel Lee,2021293847
8291,Charlotte Perez,2028471926
5023,Matthew Thompson,2027381924
3617,Sofia White,2029182736
1928,Henry Harris,2023749182
7853,Amelia Clark,2025647382
4782,Jackson Lewis,2029182736
6149,Scarlett Robinson,2022837465
3271,Ethan Walker,2023749182
9038,Lily Young,2029182736
2845,Jacob Allen,2021827364
7614,Victoria King,2027381925
5932,Wyatt Wright,2029182737
1287,Grace Scott,2023749183
8364,Jack Torres,2025647383
4921,Nora Nguyen,2029182738
1759,Owen Hill,2022837466
6248,Chloe Flores,2023749184
9137,Samuel Green,2029182739
3872,Hannah Adams,2021827365
7529,Levi Baker,2027381927
4803,Ellie Gonzalez,2029182740
2691,David Nelson,2023749185
5918,Lillian Carter,2025647384
8362,Joseph Mitchell,2029182741
4725,Samantha Perez,2022837467
1839,Anthony Roberts,2023749186
7041,Aria Turner,2029182742
3692,Andrew Phillips,2021827366
8473,Skylar Campbell,2027381928
5102,Christopher Parker,2029182743
2917,Emily Evans,2023749187
6784,Isaac Edwards,2025647385
4351,Avery Collins,2029182744
1628,Joshua Stewart,2022837468
7814,Madison Sanchez,2023749188
3547,Nathan Morris,2029182745
9082,Harper Rogers,2021827367
2765,Caleb Reed,2027381929
6391,Ella Cook,2029182746
5128,Christian Morgan,2028471920
3417,Sofia Bell,2027381945
7893,David Murphy,2029182762
4732,Emma Bailey,2023749198
1529,Liam Rivera,2029182771
6147,Mia Cooper,2022837492
3925,Noah Richardson,2023749123
8714,Olivia Cox,2029182749
5603,James Howard,2021827381
4792,Ava Ward,2027381952
1387,Benjamin Torres,2029182783
6271,Isabella Peterson,2023749147
3918,Lucas Gray,2029182791
8124,Amelia Ramirez,2022837506
4573,Ethan James,2023749168
1952,Sophia Watson,2029182802
7039,Mason Brooks,2021827403
3841,Charlotte Kelly,2027381964
8127,Logan Sanders,2029182817
4692,Harper Price,2023749172
